"Year","State","StateAbbr","PopLT72","Ntested","TotConfirmed","PctConfirmedBllGT10","ug_dl_5_9","ug_dl_10_14","ug_dl_15_19","ug_dl_20_24","ug_dl_25_44","ug_dl_45_69","ug_dl_GT70","ug_dl_GT5"
1997,"Alabama","AL",196,264,47,6.56,1,455,222,35,232,63,1,1
1998,"Alabama","AL",193,211,508,5.54,1,377,148,242,209,74,1,1
1999,"Alabama","AL",191,209,392,3.11,1,272,49,169,159,74,1,1
2000,"Alabama","AL",195,119,291,2.3,1,184,291,88,90,84,1,1
2001,"Alabama","AL",197,70,431,5.3,1,296,59,212,192,63,1,1
2002,"Alabama","AL",197,260,354,2.02,1,214,37,184,147,54,2,1
2003,"Alabama","AL",194,245,380,2.36,1,230,41,183,161,54,2,1
2004,"Alabama","AL",198,87,313,2.88,1,186,358,141,108,42,1,1
2005,"Alabama","AL",199,230,241,1.37,1,117,280,116,40,54,1,1
2006,"Alabama","AL",200,336,303,1.08,1,197,306,120,90,28,1,1
2007,"Alabama","AL",203,359,245,0.74,1,131,285,51,78,2,1,1
2008,"Alabama","AL",204,372,233,0.62,1,118,281,34,40,2,1,1
2009,"Alabama","AL",206,231,206,1.05,1,97,232,51,55,2,1,1
2010,"Alabama","AL",201,208,103,0.71,122,442,123,247,247,28,1,7
2011,"Alabama","AL",201,258,99,0.53,124,415,135,42,33,2,1,8
2012,"Alabama","AL",201,148,89,0.72,91,396,146,16,206,2,1,105
2013,"Alabama","AL",201,281,96,0.47,108,415,135,16,236,42,2,117
1997,"Arizona","AZ",275,NA,NA,NA,1,NA,NA,NA,NA,NA,NA,1
1998,"Arizona","AZ",287,NA,NA,NA,1,NA,NA,NA,NA,NA,NA,1
1999,"Arizona","AZ",295,6,140,8.71,1,461,226,34,71,42,1,1
2000,"Arizona","AZ",292,508,151,2.5,1,73,197,75,85,28,1,1
2001,"Arizona","AZ",297,537,144,2.12,1,77,191,16,67,1,1,1
2002,"Arizona","AZ",297,69,221,1.89,1,119,226,60,247,2,1,1
2003,"Arizona","AZ",324,518,223,32.48,1,125,197,42,55,2,1,1
2004,"Arizona","AZ",334,421,213,3.77,1,104,218,23,71,2,1,1
2005,"Arizona","AZ",344,353,212,0.61,1,99,191,75,85,1,1,1
2006,"Arizona","AZ",348,416,157,0.4,1,82,168,111,85,2,2,1
2007,"Arizona","AZ",353,406,93,0.24,1,426,135,237,236,1,1,1
2008,"Arizona","AZ",357,469,125,0.25,1,470,119,51,78,2,1,1
2009,"Arizona","AZ",358,519,137,0.23,1,83,135,16,33,28,1,1
2010,"Arizona","AZ",343,497,128,0.23,114,464,178,23,55,54,1,125
2011,"Arizona","AZ",343,476,469,0.13,80,319,83,221,40,1,1,94
2012,"Arizona","AZ",343,470,85,0.16,103,393,123,221,247,1,1,113
2013,"Arizona","AZ",343,474,475,0.13,92,355,67,16,123,28,1,103
1997,"California","CA",167,80,173,18.33,1,370,305,192,166,67,39,1
1998,"California","CA",164,50,74,15.66,1,343,271,166,136,52,33,1
1999,"California","CA",160,9,51,15.41,1,284,245,142,128,52,41,1
2000,"California","CA",159,85,46,11.61,1,311,223,130,130,45,39,1
2001,"California","CA",161,172,41,9.32,1,260,235,117,132,37,33,1
2002,"California","CA",161,250,53,7.17,1,331,262,118,116,36,20,1
2003,"California","CA",161,276,188,1.1,1,43,252,103,95,44,20,1
2004,"California","CA",161,332,174,0.74,1,26,250,100,97,24,20,1
2005,"California","CA",165,435,373,1.1,1,238,11,186,191,64,41,1
2006,"California","CA",166,432,371,1.09,1,233,16,200,186,53,7,1
2007,"California","CA",168,427,160,0.4,1,19,224,65,63,27,2,1
2008,"California","CA",169,481,62,0.27,1,2,199,66,44,9,33,1
2009,"California","CA",170,484,41,0.22,1,455,160,26,28,12,20,1
2010,"California","CA",162,477,34,0.21,46,444,141,25,17,22,1,55
2011,"California","CA",162,451,21,0.2,28,406,142,28,24,97,1,37
2012,"California","CA",162,NA,NA,NA,NA,NA,NA,NA,NA,NA,NA,NA
2013,"California","CA",163,NA,NA,NA,NA,NA,NA,NA,NA,NA,NA,NA
1997,"Connecticut","CT",130,259,256,1.33,1,145,270,108,85,28,1,1
1998,"Connecticut","CT",133,468,180,3.97,1,24,265,121,116,44,31,1
1999,"Connecticut","CT",137,486,169,3.28,1,19,243,95,79,44,28,1
2000,"Connecticut","CT",141,482,179,3.67,1,30,261,107,92,36,20,1
2001,"Connecticut","CT",142,494,161,3,1,18,238,77,58,31,20,1
2002,"Connecticut","CT",142,505,70,2.6,1,8,210,73,59,17,33,1
2003,"Connecticut","CT",134,501,56,2.29,1,469,183,47,53,25,28,1
2004,"Connecticut","CT",131,506,49,2.18,1,462,169,45,51,27,2,1
2005,"Connecticut","CT",126,499,36,1.89,1,448,150,254,22,20,1,1
2006,"Connecticut","CT",128,516,22,1.66,1,422,130,18,18,33,2,1
2007,"Connecticut","CT",125,522,14,1.47,1,387,150,18,250,17,31,1
2008,"Connecticut","CT",124,533,18,1.45,1,398,144,20,23,32,2,1
2009,"Connecticut","CT",123,559,468,0.92,1,330,87,229,224,22,20,1
2010,"Connecticut","CT",110,555,467,0.95,85,329,87,217,250,84,1,97
2011,"Connecticut","CT",110,492,426,0.93,62,285,73,199,187,97,1,80
2012,"Connecticut","CT",110,526,388,0.71,63,261,351,167,208,89,28,79
2013,"Connecticut","CT",110,NA,NA,NA,NA,NA,NA,NA,NA,NA,NA,NA
1997,"Delaware","DE",350,305,122,53.57,1,1,2,206,153,42,1,1
1998,"Delaware","DE",349,543,234,2.76,1,84,278,138,135,2,2,1
1999,"Delaware","DE",352,14,234,2.37,1,77,276,144,157,54,1,1
2000,"Delaware","DE",359,579,225,2.39,1,69,258,165,133,54,1,1
2001,"Delaware","DE",360,143,239,1.75,1,92,333,88,104,28,1,1
2002,"Delaware","DE",360,103,238,1.94,1,118,281,16,104,2,1,1
2003,"Delaware","DE",367,37,282,2.72,1,185,221,138,67,28,1,1
2004,"Delaware","DE",370,510,112,1.8,1,424,181,55,49,1,1,1
2005,"Delaware","DE",375,90,419,0.46,1,268,32,23,181,1,1,1
2006,"Delaware","DE",386,46,478,0.71,1,349,83,23,206,1,1,1
2007,"Delaware","DE",391,78,237,0.2,1,100,254,82,123,2,1,1
2008,"Delaware","DE",395,73,300,0.28,1,128,283,155,181,2,2,1
2009,"Delaware","DE",396,53,352,0.38,1,193,44,206,181,2,1,1
2010,"Delaware","DE",376,44,428,0.54,70,312,44,82,221,28,1,82
2011,"Delaware","DE",376,538,349,0.54,48,215,346,206,123,1,1,59
2012,"Delaware","DE",376,NA,NA,NA,NA,NA,NA,NA,NA,NA,NA,NA
2013,"Delaware","DE",376,NA,NA,NA,NA,NA,NA,NA,NA,NA,NA,NA
1997,"District of Columbia","DC",231,225,111,71.58,1,63,135,184,164,54,1,1
1998,"District of Columbia","DC",192,465,220,3.3,1,417,302,159,150,89,1,1
1999,"District of Columbia","DC",184,49,214,1.83,1,449,278,141,146,28,1,1
2000,"District of Columbia","DC",227,134,146,1.25,1,67,197,91,55,42,2,1
2001,"District of Columbia","DC",228,194,129,0.97,1,424,188,55,133,28,1,1
2002,"District of Columbia","DC",228,178,103,0.77,1,344,158,91,85,63,1,1
2003,"District of Columbia","DC",226,572,157,2.09,1,451,313,60,71,2,2,1
2004,"District of Columbia","DC",232,222,296,1.79,1,142,313,125,125,42,2,1
2005,"District of Columbia","DC",239,175,156,1.25,1,92,178,42,85,2,1,1
2006,"District of Columbia","DC",248,105,149,1.36,1,76,188,70,67,42,1,1
2007,"District of Columbia","DC",249,82,501,0.76,1,373,123,16,206,2,1,1
2008,"District of Columbia","DC",258,110,485,0.65,1,373,60,247,221,2,1,1
2009,"District of Columbia","DC",277,88,491,0.7,1,352,83,16,33,2,1,1
2010,"District of Columbia","DC",212,111,504,0.72,77,386,94,237,221,54,1,92
2011,"District of Columbia","DC",212,12,387,0.52,50,290,283,82,181,28,1,60
2012,"District of Columbia","DC",212,544,345,0.47,30,193,332,221,153,1,2,53
2013,"District of Columbia","DC",212,574,293,0.34,31,128,332,2,206,1,1,52
1997,"Florida","FL",18,370,176,6.05,1,47,250,53,25,14,33,1
1998,"Florida","FL",19,341,168,6.35,1,38,211,49,28,84,1,1
1999,"Florida","FL",17,349,48,4.39,1,467,196,22,231,5,20,1
2000,"Florida","FL",15,403,456,1.58,1,333,76,159,201,97,1,1
2001,"Florida","FL",16,480,432,1.01,1,297,64,196,184,42,1,1
2002,"Florida","FL",16,515,477,1.17,1,357,82,224,208,97,28,1
2003,"Florida","FL",20,31,464,0.73,1,338,74,233,193,9,33,1
2004,"Florida","FL",21,93,406,0.49,1,291,54,169,167,42,2,1
2005,"Florida","FL",23,57,284,0.28,1,142,291,91,93,63,31,1
2006,"Florida","FL",24,59,247,0.24,1,131,249,91,98,42,2,1
2007,"Florida","FL",25,58,406,0.53,1,270,43,187,216,31,28,1
2008,"Florida","FL",26,255,360,0.22,1,229,40,141,135,54,1,1
2009,"Florida","FL",27,219,218,0.12,1,106,201,91,71,54,1,1
2010,"Florida","FL",22,243,323,0.2,104,223,315,99,94,84,1,109
2011,"Florida","FL",22,205,214,0.13,76,115,201,221,55,54,1,86
2012,"Florida","FL",22,217,283,0.17,55,180,242,96,114,28,44,65
2013,"Florida","FL",22,NA,NA,NA,NA,NA,NA,NA,NA,NA,NA,NA
1997,"Georgia","GA",379,NA,NA,NA,1,NA,NA,NA,NA,NA,NA,1
1998,"Georgia","GA",389,261,351,1.98,1,207,55,161,145,1,1,1
1999,"Georgia","GA",393,242,382,2.49,1,227,61,165,179,84,1,1
2000,"Georgia","GA",397,302,357,1.69,1,224,42,141,164,42,2,1
2001,"Georgia","GA",399,337,346,1.28,1,221,347,108,147,1,2,1
2002,"Georgia","GA",399,338,255,0.88,1,136,280,101,98,54,2,1
2003,"Georgia","GA",422,438,316,0.71,1,195,341,147,133,2,28,1
2004,"Georgia","GA",427,493,292,0.47,1,137,294,104,150,1,2,1
2005,"Georgia","GA",431,523,233,0.33,1,107,263,88,94,42,1,1
2006,"Georgia","GA",444,495,158,0.28,1,89,226,51,33,2,2,1
2007,"Georgia","GA",453,487,146,0.27,1,74,221,42,49,2,1,1
2008,"Georgia","GA",471,563,204,0.23,1,88,197,75,98,28,1,1
2009,"Georgia","GA",479,62,246,0.23,1,126,242,104,120,28,2,1
2010,"Georgia","GA",430,99,235,0.19,96,114,239,133,60,28,1,98
2011,"Georgia","GA",430,68,248,0.23,75,130,242,111,104,63,1,85
2012,"Georgia","GA",430,61,226,0.2,73,109,191,99,108,28,1,78
2013,"Georgia","GA",430,29,207,0.2,43,91,242,51,67,28,1,49
1997,"Illinois","IL",14,212,252,17.52,1,121,311,87,84,41,35,1
1998,"Illinois","IL",12,203,230,14.59,1,103,255,84,14,34,32,1
1999,"Illinois","IL",7,215,154,11.33,1,85,214,13,11,23,29,1
2000,"Illinois","IL",5,228,143,9.41,1,66,177,12,8,21,30,1
2001,"Illinois","IL",8,229,115,7.89,1,457,172,8,6,16,23,1
2002,"Illinois","IL",8,232,100,6.37,1,413,116,4,254,10,19,1
2003,"Illinois","IL",3,252,134,7.68,1,64,175,6,7,11,27,1
2004,"Illinois","IL",4,64,448,6.33,1,307,25,193,199,85,14,1
2005,"Illinois","IL",6,67,374,4.98,1,244,7,178,177,70,7,1
2006,"Illinois","IL",10,100,333,3.62,1,176,350,149,138,71,41,1
2007,"Illinois","IL",9,91,275,3.15,1,160,321,140,151,73,41,1
2008,"Illinois","IL",11,128,200,2.14,1,54,293,110,132,58,7,1
2009,"Illinois","IL",13,165,190,1.8,1,42,268,100,118,60,33,1
2010,"Illinois","IL",2,200,178,1.45,25,29,253,94,106,45,39,36
2011,"Illinois","IL",2,206,82,1.19,22,15,233,71,86,66,31,31
2012,"Illinois","IL",2,201,167,1.3,23,23,227,80,89,37,41,33
2013,"Illinois","IL",2,168,60,1.12,105,463,207,53,70,33,31,122
1997,"Indiana","IN",320,313,488,3.12,1,360,103,245,227,22,28,1
1998,"Indiana","IN",321,295,457,2.76,1,293,99,245,224,97,1,1
1999,"Indiana","IN",322,291,459,2.9,1,323,98,226,215,28,2,1
2000,"Indiana","IN",325,285,400,2.24,1,271,51,207,159,63,2,1
2001,"Indiana","IN",326,299,408,2.18,1,275,70,218,161,54,1,1
2002,"Indiana","IN",326,314,421,2.08,1,278,65,177,201,74,28,1
2003,"Indiana","IN",327,367,427,1.63,1,282,65,219,196,63,1,1
2004,"Indiana","IN",329,386,397,1.37,1,289,37,165,131,97,1,1
2005,"Indiana","IN",330,397,400,1.28,1,275,50,161,196,74,2,1
2006,"Indiana","IN",332,412,397,1.17,1,279,37,184,169,63,20,1
2007,"Indiana","IN",336,452,406,1.04,1,275,54,196,213,84,1,1
2008,"Indiana","IN",337,455,420,1.03,1,272,47,226,198,12,20,1
2009,"Indiana","IN",338,472,404,0.93,1,262,58,195,196,9,1,1
2010,"Indiana","IN",331,478,359,0.75,60,219,35,184,174,89,2,77
2011,"Indiana","IN",331,453,318,0.67,56,200,322,141,167,28,2,67
2012,"Indiana","IN",331,442,308,0.66,44,189,319,151,117,74,2,61
2013,"Indiana","IN",331,423,255,0.59,36,132,291,70,139,42,1,43
1997,"Iowa","IA",71,286,43,5.61,1,429,200,59,47,22,20,1
1998,"Iowa","IA",70,292,35,4.95,1,409,167,44,63,22,33,1
1999,"Iowa","IA",69,303,11,3.81,1,366,138,41,41,17,2,1
2000,"Iowa","IA",77,330,10,3.51,1,367,149,36,22,27,20,1
2001,"Iowa","IA",79,363,13,2.89,1,375,139,31,29,32,31,1
2002,"Iowa","IA",79,395,19,2.67,1,389,156,25,41,97,33,1
2003,"Iowa","IA",74,402,16,2.41,1,378,143,25,38,24,28,1
2004,"Iowa","IA",76,410,9,2.2,1,374,133,18,48,9,20,1
2005,"Iowa","IA",81,424,3,2,1,358,127,38,32,24,20,1
2006,"Iowa","IA",93,430,483,1.67,1,322,110,17,30,29,2,1
2007,"Iowa","IA",95,479,458,1.18,1,286,105,243,250,22,31,1
2008,"Iowa","IA",101,554,434,0.8,1,267,85,218,249,5,20,1
2009,"Iowa","IA",105,561,435,0.77,1,250,91,235,255,20,20,1
2010,"Iowa","IA",104,546,395,0.69,66,222,57,228,230,97,2,70
2011,"Iowa","IA",104,531,378,0.66,64,205,57,212,205,14,2,69
2012,"Iowa","IA",104,404,294,0.7,27,115,327,177,147,54,1,34
2013,"Iowa","IA",104,NA,NA,NA,NA,NA,NA,NA,NA,NA,NA,NA
1997,"Kansas","KS",67,358,257,8.33,1,1,1,1,80,1,1,1
1998,"Kansas","KS",68,322,455,2.04,1,204,140,221,49,28,1,1
1999,"Kansas","KS",72,375,219,5.59,1,76,286,108,114,28,1,1
2000,"Kansas","KS",75,507,217,3.06,1,87,258,60,127,63,1,1
2001,"Kansas","KS",78,18,295,3.01,1,140,286,136,131,54,2,1
2002,"Kansas","KS",78,176,307,2.27,1,146,336,131,145,84,1,1
2003,"Kansas","KS",82,294,310,1.39,1,191,335,165,90,54,1,1
2004,"Kansas","KS",91,307,288,1.1,1,145,296,116,90,2,1,1
2005,"Kansas","KS",92,312,340,1.44,1,205,335,169,159,42,1,1
2006,"Kansas","KS",94,300,289,1.14,1,139,294,99,125,74,1,1
2007,"Kansas","KS",97,316,251,0.95,1,124,296,125,98,28,1,1
2008,"Kansas","KS",102,335,227,0.74,1,87,270,125,94,74,20,1
2009,"Kansas","KS",109,343,224,0.68,1,87,270,88,108,97,2,1
2010,"Kansas","KS",113,345,208,0.61,12,75,263,75,104,42,2,19
2011,"Kansas","KS",113,352,228,0.68,10,113,209,88,104,28,1,17
2012,"Kansas","KS",113,279,124,0.62,6,451,135,91,78,2,1,11
2013,"Kansas","KS",113,NA,NA,NA,NA,NA,NA,NA,NA,NA,NA,NA
1997,"Kentucky","KY",177,NA,NA,NA,1,NA,NA,NA,NA,NA,NA,1
1998,"Kentucky","KY",174,NA,NA,NA,1,NA,NA,NA,NA,NA,NA,1
1999,"Kentucky","KY",172,NA,NA,NA,1,NA,NA,NA,NA,NA,NA,1
2000,"Kentucky","KY",178,196,117,0.89,1,399,178,88,114,42,1,1
2001,"Kentucky","KY",179,298,304,1.3,1,132,309,173,187,42,31,1
2002,"Kentucky","KY",179,328,349,1.11,1,199,283,221,236,1,1,1
2003,"Kentucky","KY",181,308,155,0.67,1,472,197,104,98,74,2,1
2004,"Kentucky","KY",182,248,126,0.7,1,396,226,60,117,42,1,1
2005,"Kentucky","KY",183,309,227,0.83,1,74,296,116,131,63,1,1
2006,"Kentucky","KY",185,195,475,0.5,1,319,107,42,206,1,1,1
2007,"Kentucky","KY",186,366,116,0.37,1,402,201,108,26,2,1,1
2008,"Kentucky","KY",188,271,88,0.44,1,359,129,34,67,1,1,1
2009,"Kentucky","KY",189,246,401,0.27,1,265,32,237,153,28,1,1
2010,"Kentucky","KY",187,241,105,0.62,116,336,168,247,108,12,20,3
2011,"Kentucky","KY",187,257,504,0.44,3,349,162,16,236,2,1,9
2012,"Kentucky","KY",187,115,97,0.86,93,369,154,60,40,63,1,107
2013,"Kentucky","KY",187,41,405,0.51,71,324,310,155,123,1,1,81
1997,"Louisiana","LA",NA,NA,NA,NA,1,NA,NA,NA,NA,NA,NA,1
1998,"Louisiana","LA",210,270,395,2.38,1,198,79,240,239,74,28,1
1999,"Louisiana","LA",208,247,443,3.2,1,256,108,252,232,5,2,1
2000,"Louisiana","LA",214,331,6,3.32,1,341,159,48,36,89,20,1
2001,"Louisiana","LA",209,398,11,2.39,1,371,145,32,37,42,28,1
2002,"Louisiana","LA",211,441,8,1.93,1,361,150,29,35,97,20,1
2003,"Louisiana","LA",215,471,507,1.59,1,357,132,45,16,42,1,1
2004,"Louisiana","LA",218,500,500,1.37,1,318,121,19,237,54,10,1
2005,"Louisiana","LA",220,449,403,1.01,1,277,54,196,159,42,1,1
2006,"Louisiana","LA",190,446,244,0.48,1,141,218,60,60,42,1,1
2007,"Louisiana","LA",202,407,147,0.37,1,75,181,91,60,2,1,1
2008,"Louisiana","LA",207,347,136,0.47,1,437,188,108,94,1,1,1
2009,"Louisiana","LA",216,369,151,0.47,1,459,221,88,108,28,2,1
2010,"Louisiana","LA",205,436,112,0.25,NA,390,197,70,55,42,1,NA
2011,"Louisiana","LA",205,405,85,22.12,52,290,178,75,33,2,1,29
2012,"Louisiana","LA",205,454,92,19.65,67,336,140,88,85,2,1,35
2013,"Louisiana","LA",205,NA,NA,NA,NA,NA,NA,NA,NA,NA,NA,NA
1997,"Maine","ME",433,15,342,3.96,1,213,344,136,120,54,20,1
1998,"Maine","ME",429,8,323,3.97,1,218,328,108,127,2,1,1
1999,"Maine","ME",428,578,298,3.5,1,141,341,116,117,28,1,1
2000,"Maine","ME",439,11,297,3.27,1,184,306,120,85,89,1,1
2001,"Maine","ME",443,40,296,2.87,1,187,291,120,94,28,20,1
2002,"Maine","ME",443,140,254,2.03,1,145,291,75,26,42,2,1
2003,"Maine","ME",435,144,238,1.74,1,135,205,64,55,2,1,1
2004,"Maine","ME",438,145,284,2.1,1,182,296,42,108,28,1,1
2005,"Maine","ME",437,131,249,1.99,1,129,313,91,60,2,1,1
2006,"Maine","ME",440,120,234,1.79,1,123,232,88,60,28,2,1
2007,"Maine","ME",442,133,203,1.43,1,93,221,60,49,28,1,1
2008,"Maine","ME",441,135,159,1.4,1,98,188,60,15,54,1,1
2009,"Maine","ME",436,107,124,1.14,1,459,201,42,15,2,1,1
2010,"Maine","ME",432,112,117,1.08,NA,449,209,247,40,1,1,NA
2011,"Maine","ME",432,122,110,0.93,NA,432,158,237,55,2,2,NA
2012,"Maine","ME",432,NA,NA,NA,NA,NA,NA,NA,NA,NA,NA,NA
2013,"Maine","ME",432,NA,NA,NA,NA,NA,NA,NA,NA,NA,NA,NA
1997,"Maryland","MD",260,235,69,88.1,1,273,241,198,158,35,33,1
1998,"Maryland","MD",254,236,78,87.44,1,283,326,176,119,38,31,1
1999,"Maryland","MD",255,234,44,69.95,1,274,266,135,89,25,28,1
2000,"Maryland","MD",264,502,274,5.38,1,62,4,162,132,35,41,1
2001,"Maryland","MD",265,552,269,4.24,1,148,343,115,110,38,20,1
2002,"Maryland","MD",265,489,68,2.69,1,13,204,66,46,89,1,1
2003,"Maryland","MD",271,532,50,2,1,473,179,37,18,14,1,1
2004,"Maryland","MD",278,30,54,1.5,1,4,184,33,251,30,1,1
2005,"Maryland","MD",281,601,24,1.21,1,441,136,226,237,84,1,1
2006,"Maryland","MD",285,28,17,1.09,1,428,127,244,226,74,1,1
2007,"Maryland","MD",286,32,479,0.79,1,363,80,223,198,74,2,1
2008,"Maryland","MD",288,34,454,0.66,1,328,73,207,159,63,1,1
2009,"Maryland","MD",290,36,390,0.5,1,280,40,136,147,54,2,1
2010,"Maryland","MD",273,60,383,0.44,58,266,339,199,139,63,1,76
2011,"Maryland","MD",273,55,348,0.4,45,212,356,167,157,63,1,62
2012,"Maryland","MD",273,56,302,0.31,41,190,335,75,104,42,1,48
2013,"Maryland","MD",273,54,306,0.32,39,192,313,101,139,74,1,47
1997,"Massachusetts","MA",315,282,451,3.23,1,347,26,214,162,37,28,1
1998,"Massachusetts","MA",309,289,375,2.33,1,247,14,160,129,37,1,1
1999,"Massachusetts","MA",307,296,367,2.03,1,240,357,154,113,37,28,1
2000,"Massachusetts","MA",314,290,327,1.7,1,231,324,114,100,32,37,1
2001,"Massachusetts","MA",316,284,272,1.48,1,167,299,105,87,12,33,1
2002,"Massachusetts","MA",316,283,262,1.32,1,158,288,93,73,30,2,1
2003,"Massachusetts","MA",306,278,171,0.94,1,40,225,50,39,5,1,1
2004,"Massachusetts","MA",301,277,183,1.05,1,56,231,67,50,5,20,1
2005,"Massachusetts","MA",296,275,166,0.92,1,36,219,41,34,14,33,1
2006,"Massachusetts","MA",299,267,77,0.84,1,28,193,39,20,17,1,1
2007,"Massachusetts","MA",293,269,57,0.69,1,10,156,33,32,12,2,1
2008,"Massachusetts","MA",294,268,29,0.54,1,446,131,254,244,89,2,1
2009,"Massachusetts","MA",298,265,505,0.43,1,394,99,243,224,63,20,1
2010,"Massachusetts","MA",279,266,2,0.44,20,404,96,242,227,63,1,27
2011,"Massachusetts","MA",279,256,462,0.35,117,332,86,239,174,5,20,123
2012,"Massachusetts","MA",279,253,460,0.36,113,337,81,175,229,74,2,121
2013,"Massachusetts","MA",279,251,440,0.32,101,321,62,208,185,74,2,110
1997,"Michigan","MI",474,272,324,17.06,1,149,348,194,176,53,28,1
1998,"Michigan","MI",455,475,417,11.01,1,298,23,210,197,80,37,1
1999,"Michigan","MI",452,529,409,7.97,1,239,20,209,178,60,33,1
2000,"Michigan","MI",481,535,334,5.97,1,177,359,153,142,44,31,1
2001,"Michigan","MI",483,566,366,5.92,1,236,5,166,143,64,44,1
2002,"Michigan","MI",483,583,329,4.8,1,172,355,143,121,71,33,1
2003,"Michigan","MI",425,598,266,3.45,1,152,308,129,115,50,39,1
2004,"Michigan","MI",424,96,264,2.73,1,156,292,119,103,51,33,1
2005,"Michigan","MI",421,125,268,2.63,1,159,303,122,113,35,7,1
2006,"Michigan","MI",420,129,187,1.84,1,48,272,90,74,31,20,1
2007,"Michigan","MI",415,155,165,1.48,1,27,225,81,64,24,1,1
2008,"Michigan","MI",408,183,72,1.21,1,14,207,56,62,29,31,1
2009,"Michigan","MI",406,101,26,0.94,1,416,155,18,46,97,2,1
2010,"Michigan","MI",402,167,25,0.81,106,410,148,37,37,9,2,118
2011,"Michigan","MI",402,184,1,0.66,98,368,122,27,19,25,2,112
2012,"Michigan","MI",402,159,466,0.55,88,335,90,240,209,89,1,100
2013,"Michigan","MI",402,NA,NA,NA,NA,NA,NA,NA,NA,NA,NA,NA
1997,"Minnesota","MN",217,364,76,5,1,12,212,89,56,25,33,1
1998,"Minnesota","MN",219,357,52,4.35,1,460,192,49,45,22,37,1
1999,"Minnesota","MN",221,360,28,3.31,1,425,152,26,252,20,28,1
2000,"Minnesota","MN",236,387,5,2.47,1,376,128,254,22,12,28,1
2001,"Minnesota","MN",237,408,15,2.29,1,395,131,19,16,9,33,1
2002,"Minnesota","MN",237,437,484,1.63,1,351,86,239,25,5,28,1
2003,"Minnesota","MN",241,473,474,1.31,1,334,97,229,234,5,28,1
2004,"Minnesota","MN",245,521,444,0.96,1,316,71,196,213,5,31,1
2005,"Minnesota","MN",246,534,436,0.85,1,292,72,215,220,84,2,1
2006,"Minnesota","MN",257,562,423,0.72,1,289,62,208,159,84,20,1
2007,"Minnesota","MN",261,527,353,0.6,1,213,36,165,161,5,2,1
2008,"Minnesota","MN",268,593,338,0.42,1,198,338,173,150,63,28,1
2009,"Minnesota","MN",270,591,307,0.38,1,144,313,161,161,63,2,1
2010,"Minnesota","MN",263,590,255,0.31,54,115,325,104,145,63,1,64
2011,"Minnesota","MN",263,582,241,0.28,42,116,269,88,120,54,1,50
2012,"Minnesota","MN",263,585,242,0.28,38,94,319,101,127,42,20,45
2013,"Minnesota","MN",263,568,156,0.21,15,78,260,64,15,28,1,40
1997,"Mississippi","MS",111,444,384,95.41,1,78,157,241,189,54,1,1
1998,"Mississippi","MS",108,570,362,54.49,1,82,153,208,172,42,1,1
1999,"Mississippi","MS",107,513,463,9.65,1,350,102,175,147,2,1,1
2000,"Mississippi","MS",112,38,141,1.52,1,472,218,70,26,1,2,1
2001,"Mississippi","MS",114,198,347,2.59,1,251,320,120,94,42,1,1
2002,"Mississippi","MS",114,293,385,2,1,264,48,172,139,2,20,1
2003,"Mississippi","MS",115,361,384,1.41,1,278,40,108,145,28,1,1
2004,"Mississippi","MS",119,394,344,0.99,1,229,329,108,33,42,2,1
2005,"Mississippi","MS",121,392,321,0.94,1,216,320,138,71,42,20,1
2006,"Mississippi","MS",122,389,308,0.86,1,208,278,99,117,28,1,1
2007,"Mississippi","MS",129,365,222,0.6,1,114,251,55,26,2,1,1
2008,"Mississippi","MS",135,393,205,0.48,1,97,201,70,60,28,1,1
2009,"Mississippi","MS",138,400,209,0.46,1,90,226,96,71,2,1,1
2010,"Mississippi","MS",120,411,153,0.39,84,81,203,51,71,28,2,88
2011,"Mississippi","MS",120,390,131,0.38,61,442,244,23,67,28,1,74
2012,"Mississippi","MS",120,396,135,0.38,57,454,201,42,85,28,1,66
2013,"Mississippi","MS",120,NA,NA,NA,NA,NA,NA,NA,NA,NA,NA,NA
1997,"Missouri","MO",280,391,365,12.12,1,174,15,192,168,58,41,1
1998,"Missouri","MO",276,399,364,11.35,1,176,10,171,166,72,37,1
1999,"Missouri","MO",274,418,335,9.77,1,173,9,164,148,60,28,1
2000,"Missouri","MO",282,450,336,8.68,1,175,8,153,171,57,28,1
2001,"Missouri","MO",283,485,263,5.15,1,153,316,115,99,48,20,1
2002,"Missouri","MO",283,488,197,4.26,1,57,299,97,88,24,33,1
2003,"Missouri","MO",284,520,193,3.81,1,58,279,74,76,30,1,1
2004,"Missouri","MO",289,547,164,2.57,1,25,237,65,42,37,20,1
2005,"Missouri","MO",291,524,63,2.29,1,5,190,56,52,22,31,1
2006,"Missouri","MO",303,560,31,1.47,1,447,149,243,230,89,1,1
2007,"Missouri","MO",308,565,495,1.06,1,384,109,233,179,12,20,1
2008,"Missouri","MO",313,584,438,0.73,1,330,62,172,125,42,1,1
2009,"Missouri","MO",317,587,441,0.74,1,333,62,199,120,28,1,1
2010,"Missouri","MO",302,25,481,0.84,97,362,95,212,231,42,2,108
2011,"Missouri","MO",302,589,363,0.53,81,254,35,169,139,1,1,89
2012,"Missouri","MO",302,569,429,0.7,74,295,66,169,185,63,1,87
2013,"Missouri","MO",302,226,4,0.55,111,391,121,249,243,9,1,120
1997,"Nevada","NV",1,NA,NA,NA,1,NA,NA,NA,NA,NA,NA,1
1998,"Nevada","NV",1,NA,NA,NA,1,NA,NA,NA,NA,NA,NA,1
1999,"Nevada","NV",1,NA,NA,NA,1,NA,NA,NA,NA,NA,NA,1
2000,"Nevada","NV",1,NA,NA,NA,1,NA,NA,NA,NA,NA,NA,1
2001,"Nevada","NV",1,NA,NA,NA,1,NA,NA,NA,NA,NA,NA,1
2002,"Nevada","NV",1,NA,NA,NA,1,NA,NA,NA,NA,NA,NA,1
2003,"Nevada","NV",1,NA,NA,NA,1,NA,NA,NA,NA,NA,NA,1
2004,"Nevada","NV",1,NA,NA,NA,1,NA,NA,NA,NA,NA,NA,1
2005,"Nevada","NV",1,NA,NA,NA,1,NA,NA,NA,NA,NA,NA,1
2006,"Nevada","NV",80,1,257,0.24,1,147,2,1,1,1,1,1
2007,"Nevada","NV",96,509,132,0.22,1,435,213,2,123,1,1,1
2008,"Nevada","NV",103,21,210,0.19,1,95,2,155,123,1,1,1
2009,"Nevada","NV",106,81,142,0.14,1,456,254,2,80,1,1,1
2010,"Nevada","NV",73,116,237,0.18,33,120,213,2,153,1,1,54
2011,"Nevada","NV",73,NA,NA,NA,NA,NA,NA,NA,NA,NA,NA,NA
2012,"Nevada","NV",73,NA,NA,NA,NA,NA,NA,NA,NA,NA,NA,NA
2013,"Nevada","NV",73,NA,NA,NA,NA,NA,NA,NA,NA,NA,NA,NA
1997,"New Hampshire","NH",464,179,380,3.19,1,222,52,191,198,54,2,1
1998,"New Hampshire","NH",463,174,389,3.53,1,249,56,215,170,54,1,1
1999,"New Hampshire","NH",465,138,396,3.87,1,257,65,184,159,54,20,1
2000,"New Hampshire","NH",489,123,379,3.58,1,255,51,151,114,2,2,1
2001,"New Hampshire","NH",490,114,320,2.89,1,207,338,101,135,28,1,1
2002,"New Hampshire","NH",490,142,322,2.73,1,209,336,151,104,42,2,1
2003,"New Hampshire","NH",487,139,341,2.86,1,213,344,144,108,63,1,1
2004,"New Hampshire","NH",485,152,339,2.74,1,211,328,131,157,84,2,1
2005,"New Hampshire","NH",486,141,296,2.25,1,143,329,96,131,1,1,1
2006,"New Hampshire","NH",491,150,285,2.09,1,134,298,125,131,2,2,1
2007,"New Hampshire","NH",488,177,243,1.68,1,115,296,111,78,1,1,1
2008,"New Hampshire","NH",478,180,232,1.51,1,112,281,75,221,63,1,1
2009,"New Hampshire","NH",466,173,155,1.26,1,89,234,23,236,28,2,1
2010,"New Hampshire","NH",434,151,144,1.15,40,80,178,51,33,2,1,44
2011,"New Hampshire","NH",434,137,117,1.02,35,461,168,16,33,2,1,42
2012,"New Hampshire","NH",434,113,97,0.86,8,415,140,16,26,1,2,14
2013,"New Hampshire","NH",434,132,89,0.76,121,420,123,247,123,2,1,4
1997,"New Jersey","NJ",383,77,199,23.22,1,445,259,231,219,87,12,1
1998,"New Jersey","NJ",374,39,177,21,1,407,208,211,203,82,37,1
1999,"New Jersey","NJ",373,539,65,20.8,1,345,179,174,149,75,33,1
2000,"New Jersey","NJ",387,126,276,2.83,1,35,301,236,238,8,23,1
2001,"New Jersey","NJ",388,166,258,2.06,1,18,282,190,202,7,41,1
2002,"New Jersey","NJ",388,187,79,1.26,1,474,240,76,107,50,20,1
2003,"New Jersey","NJ",381,170,192,1.83,1,41,289,110,118,37,33,1
2004,"New Jersey","NJ",385,202,196,1.71,1,49,297,113,100,44,33,1
2005,"New Jersey","NJ",382,214,189,1.52,1,44,273,100,103,40,31,1
2006,"New Jersey","NJ",384,220,191,1.49,1,53,275,80,91,30,28,1
2007,"New Jersey","NJ",380,218,181,1.35,1,39,247,95,75,33,2,1
2008,"New Jersey","NJ",378,65,20,0.99,1,423,131,22,242,12,1,1
2009,"New Jersey","NJ",377,33,466,0.74,1,339,90,223,201,12,1,1
2010,"New Jersey","NJ",372,227,40,0.73,1,433,166,41,41,27,31,1
2011,"New Jersey","NJ",372,223,30,0.69,100,427,148,33,36,9,1,114
2012,"New Jersey","NJ",372,224,503,0.53,87,380,105,240,245,22,2,101
2013,"New Jersey","NJ",372,216,480,0.48,86,346,92,245,226,14,20,99
1997,"New York","NY",59,426,215,4.55,2,102,217,14,12,18,25,2
1998,"New York","NY",57,419,211,4.22,2,96,215,58,43,15,17,2
1999,"New York","NY",54,414,133,3.41,2,65,174,30,21,6,15,2
2000,"New York","NY",55,425,101,2.58,2,436,117,246,233,99,11,2
2001,"New York","NY",56,417,83,2.06,2,382,112,220,217,86,11,2
2002,"New York","NY",56,413,472,1.81,2,348,93,204,200,77,39,2
2003,"New York","NY",48,415,450,1.6,2,309,89,205,200,86,5,2
2004,"New York","NY",47,434,447,1.42,2,306,75,201,195,81,41,2
2005,"New York","NY",46,431,414,1.31,2,300,63,189,180,58,7,2
2006,"New York","NY",51,447,446,1.27,2,304,77,194,188,71,28,2
2007,"New York","NY",49,440,369,0.99,2,237,39,168,162,60,5,2
2008,"New York","NY",50,433,326,0.83,2,169,345,145,134,40,33,2
2009,"New York","NY",52,439,277,0.73,2,163,331,134,134,53,31,2
2010,"New York","NY",45,445,325,0.73,51,165,342,139,144,73,39,68
2011,"New York","NY",45,448,267,0.61,47,155,307,132,119,52,31,57
2012,"New York","NY",45,371,139,0.43,16,72,194,49,51,89,1,25
2013,"New York","NY",45,NA,NA,NA,NA,NA,NA,NA,NA,NA,NA,NA
1997,"North Carolina","NC",363,597,32,1.3,1,419,182,35,253,9,20,1
1998,"North Carolina","NC",365,595,12,1.1,1,397,151,233,242,89,1,1
1999,"North Carolina","NC",368,35,7,0.97,1,392,137,17,227,54,1,1
2000,"North Carolina","NC",369,66,33,1.08,1,431,165,22,242,89,28,1
2001,"North Carolina","NC",371,92,509,0.82,1,388,126,235,235,63,20,1
2002,"North Carolina","NC",371,95,493,0.75,1,376,111,229,210,42,2,1
2003,"North Carolina","NC",392,94,489,0.74,1,385,106,195,172,63,2,1
2004,"North Carolina","NC",394,274,216,0.93,1,108,232,51,55,2,1,1
2005,"North Carolina","NC",398,26,316,0.37,1,203,325,131,125,63,1,1
2006,"North Carolina","NC",407,127,380,0.37,1,263,35,151,117,84,2,1
2007,"North Carolina","NC",416,161,356,0.32,1,228,36,151,108,28,2,1
2008,"North Carolina","NC",423,186,317,0.25,1,203,339,111,125,28,1,1
2009,"North Carolina","NC",426,199,290,0.19,1,142,296,116,114,2,1,1
2010,"North Carolina","NC",411,NA,NA,NA,NA,NA,NA,NA,NA,NA,NA,NA
2011,"North Carolina","NC",411,NA,NA,NA,NA,NA,NA,NA,NA,NA,NA,NA
2012,"North Carolina","NC",411,NA,NA,NA,NA,NA,NA,NA,NA,NA,NA,NA
2013,"North Carolina","NC",412,NA,NA,NA,NA,NA,NA,NA,NA,NA,NA,NA
1997,"Ohio","OH",482,602,114,14.14,1,414,173,11,9,23,25,1
1998,"Ohio","OH",476,22,109,13.28,1,412,171,10,5,13,12,1
1999,"Ohio","OH",468,102,84,8.23,1,381,115,5,241,93,41,1
2000,"Ohio","OH",484,63,470,7.08,1,305,31,250,228,82,5,1
2001,"Ohio","OH",480,98,449,5.92,1,303,27,227,211,90,15,1
2002,"Ohio","OH",477,130,413,4.81,1,245,24,213,204,88,15,1
2003,"Ohio","OH",472,156,372,3.98,1,235,13,188,188,87,31,1
2004,"Ohio","OH",469,124,328,3.36,1,170,352,150,137,57,33,1
2005,"Ohio","OH",462,188,279,2.55,1,162,330,146,141,60,28,1
2006,"Ohio","OH",467,182,261,2.1,1,61,317,127,105,48,39,1
2007,"Ohio","OH",460,207,259,1.79,1,59,295,126,102,53,14,1
2008,"Ohio","OH",459,204,194,1.68,1,50,290,106,100,33,41,1
2009,"Ohio","OH",458,163,75,1.29,1,7,229,72,61,46,5,1
2010,"Ohio","OH",447,157,37,0.92,19,421,186,40,35,22,31,26
2011,"Ohio","OH",447,171,59,1.09,119,465,194,61,48,35,28,23
2012,"Ohio","OH",447,189,64,1.11,118,471,202,69,57,32,31,22
2013,"Ohio","OH",447,191,45,0.93,112,450,180,46,42,27,31,20
1997,"Oklahoma","OK",146,571,301,3.72,1,201,278,88,127,2,1,1
1998,"Oklahoma","OK",147,511,137,2.17,1,75,162,60,15,42,1,1
1999,"Oklahoma","OK",148,540,106,1.47,1,442,119,237,67,2,1,1
2000,"Oklahoma","OK",150,576,127,1.62,1,70,201,247,206,1,1,1
2001,"Oklahoma","OK",151,51,117,1.22,1,452,185,23,40,2,1,1
2002,"Oklahoma","OK",151,86,117,1.13,1,437,209,23,33,28,2,1
2003,"Oklahoma","OK",155,104,125,1.16,1,468,185,34,26,1,1,1
2004,"Oklahoma","OK",156,149,118,0.99,1,459,181,221,55,28,1,1
2005,"Oklahoma","OK",158,262,220,1,1,105,209,96,85,2,1,1
2006,"Oklahoma","OK",171,297,213,0.78,1,99,226,75,40,1,1,1
2007,"Oklahoma","OK",173,249,148,0.81,1,68,209,70,78,1,1,1
2008,"Oklahoma","OK",175,263,107,0.56,1,405,158,75,40,1,20,1
2009,"Oklahoma","OK",180,368,152,0.47,1,77,232,51,49,42,1,1
2010,"Oklahoma","OK",176,385,119,0.36,11,449,185,60,40,2,2,15
2011,"Oklahoma","OK",176,384,135,0.4,13,451,197,75,71,2,1,18
2012,"Oklahoma","OK",176,374,151,0.45,7,69,234,55,60,54,1,13
2013,"Oklahoma","OK",176,388,155,0.46,4,84,205,70,33,54,1,10
1997,"Oregon","OR",127,383,473,1.62,1,352,44,16,221,2,1,1
1998,"Oregon","OR",132,422,85,1.73,1,379,135,16,236,1,1,1
1999,"Oregon","OR",136,456,92,1.82,1,417,154,247,181,2,1,1
2000,"Oregon","OR",139,467,90,1.57,1,417,119,206,247,1,20,1
2001,"Oregon","OR",140,541,502,1.09,1,373,123,16,221,1,2,1
2002,"Oregon","OR",140,19,496,0.86,1,349,146,237,247,28,1,1
2003,"Oregon","OR",144,43,506,0.86,1,369,135,16,221,1,20,1
2004,"Oregon","OR",143,106,452,0.53,1,319,67,221,181,2,1,1
2005,"Oregon","OR",145,71,442,0.57,1,326,78,180,153,1,1,1
2006,"Oregon","OR",149,76,439,0.55,1,312,60,221,206,2,1,1
2007,"Oregon","OR",153,112,398,0.42,1,294,346,180,123,1,1,1
2008,"Oregon","OR",154,83,393,0.44,1,258,53,82,236,1,2,1
2009,"Oregon","OR",157,147,387,0.36,1,248,60,206,153,1,1,1
2010,"Oregon","OR",152,153,361,0.32,72,210,332,221,221,1,2,83
2011,"Oregon","OR",152,121,311,0.27,65,204,283,180,80,1,1,71
2012,"Oregon","OR",152,118,286,0.23,68,128,332,155,80,1,1,72
2013,"Oregon","OR",152,460,108,0.2,29,411,254,1,2,1,1,38
1997,"Pennsylvania","PA",473,356,471,24.19,1,241,118,7,4,100,18,1
1998,"Pennsylvania","PA",450,401,490,20.02,1,308,113,3,246,86,11,1
1999,"Pennsylvania","PA",446,483,410,9.71,1,234,28,225,212,77,37,1
2000,"Pennsylvania","PA",454,528,418,9.14,1,243,29,232,225,71,2,1
2001,"Pennsylvania","PA",456,409,330,9.41,1,166,3,170,173,96,7,1
2002,"Pennsylvania","PA",456,443,370,9.84,1,232,17,197,160,51,39,1
2003,"Pennsylvania","PA",445,550,412,8.14,1,302,19,179,163,62,33,1
2004,"Pennsylvania","PA",448,97,415,5.49,1,301,21,185,190,83,24,1
2005,"Pennsylvania","PA",449,162,416,4.67,1,246,22,216,214,98,26,1
2006,"Pennsylvania","PA",457,164,411,4.5,1,299,12,203,194,94,22,1
2007,"Pennsylvania","PA",461,158,331,3.17,1,171,357,148,165,72,11,1
2008,"Pennsylvania","PA",470,169,280,2.68,1,164,340,137,136,64,22,1
2009,"Pennsylvania","PA",475,192,270,2.23,1,151,318,128,137,68,11,1
2010,"Pennsylvania","PA",451,193,260,1.99,32,60,321,112,101,59,11,51
2011,"Pennsylvania","PA",451,190,198,1.83,26,51,287,114,111,55,39,39
2012,"Pennsylvania","PA",451,185,182,1.6,21,33,277,98,92,45,5,32
2013,"Pennsylvania","PA",451,160,80,1.35,18,16,225,52,77,48,37,28
1997,"Rhode Island","RI",417,340,201,8.81,1,55,304,122,109,40,28,1
1998,"Rhode Island","RI",409,344,186,7.43,1,45,264,92,79,32,11,1
1999,"Rhode Island","RI",410,346,175,6.85,1,37,248,72,74,31,28,1
2000,"Rhode Island","RI",418,342,163,6.08,1,22,230,62,69,31,20,1
2001,"Rhode Island","RI",419,355,162,5.84,1,21,220,69,65,9,20,1
2002,"Rhode Island","RI",419,354,67,5.12,1,17,198,36,31,9,2,1
2003,"Rhode Island","RI",414,348,39,3.9,1,453,161,251,240,74,1,1
2004,"Rhode Island","RI",413,333,27,3.9,1,439,149,241,213,5,2,1
2005,"Rhode Island","RI",405,351,4,2.92,1,401,111,228,220,54,28,1
2006,"Rhode Island","RI",404,350,476,2.35,1,356,88,217,193,54,1,1
2007,"Rhode Island","RI",403,339,430,1.89,1,314,54,187,169,84,1,1
2008,"Rhode Island","RI",401,334,381,1.61,1,276,354,151,108,28,1,1
2009,"Rhode Island","RI",400,315,355,1.54,1,257,344,144,26,1,1,1
2010,"Rhode Island","RI",390,311,314,1.32,37,206,315,133,98,28,1,46
2011,"Rhode Island","RI",390,306,253,1.03,14,181,263,42,85,42,2,41
2012,"Rhode Island","RI",390,310,236,0.88,9,126,209,91,78,28,1,16
2013,"Rhode Island","RI",390,301,222,0.83,5,99,278,55,67,2,2,12
1997,"Texas","TX",28,2,376,3.89,1,281,346,123,1,28,1,1
1998,"Texas","TX",30,564,229,2.74,1,110,254,123,2,1,1,1
1999,"Texas","TX",32,596,422,6.35,1,120,332,70,67,2,2,1
2000,"Texas","TX",29,79,305,2.84,1,122,349,172,184,54,2,1
2001,"Texas","TX",31,213,66,1.01,1,9,195,59,56,12,31,1
2002,"Texas","TX",31,244,170,1.05,1,32,236,65,66,29,28,1
2003,"Texas","TX",53,288,81,0.79,1,20,206,65,63,22,2,1
2004,"Texas","TX",58,317,61,0.56,1,3,187,68,39,22,20,1
2005,"Texas","TX",60,304,42,0.51,1,440,165,63,46,84,20,1
2006,"Texas","TX",63,530,271,0.47,1,154,323,140,126,36,39,1
2007,"Texas","TX",64,525,184,0.33,1,34,267,109,96,37,28,1
2008,"Texas","TX",65,490,71,0.27,1,6,204,79,68,48,2,1
2009,"Texas","TX",66,498,73,0.27,1,11,228,57,54,33,39,1
2010,"Texas","TX",61,362,499,0.26,120,364,125,219,23,89,28,21
2011,"Texas","TX",61,254,394,0.26,82,253,46,207,205,97,1,90
2012,"Texas","TX",61,NA,NA,NA,NA,NA,NA,NA,NA,NA,NA,NA
2013,"Texas","TX",62,NA,NA,NA,NA,NA,NA,NA,NA,NA,NA,NA
1997,"Vermont","VT",247,464,284,4.55,1,137,319,99,93,2,1,1
1998,"Vermont","VT",235,458,232,3.84,1,105,260,108,49,74,1,1
1999,"Vermont","VT",222,457,141,2.73,1,464,197,104,49,1,1,1
2000,"Vermont","VT",250,459,148,2.75,1,71,244,23,49,2,1,1
2001,"Vermont","VT",240,461,117,2.24,1,430,226,64,236,28,1,1
2002,"Vermont","VT",238,463,120,2.19,1,459,178,51,33,2,1,1
2003,"Vermont","VT",233,466,113,2,1,434,162,55,40,28,1,1
2004,"Vermont","VT",234,542,125,1.72,1,443,232,60,15,2,1,1
2005,"Vermont","VT",230,545,102,1.34,1,420,185,180,247,28,1,1
2006,"Vermont","VT",229,573,99,1.29,1,417,162,206,221,1,39,1
2007,"Vermont","VT",225,575,494,0.99,1,379,107,247,206,1,1,1
2008,"Vermont","VT",224,580,482,0.88,1,359,140,206,123,1,1,1
2009,"Vermont","VT",223,17,425,0.59,1,281,78,221,80,28,1,1
2010,"Vermont","VT",213,7,433,0.66,124,312,83,123,206,1,1,5
2011,"Vermont","VT",213,10,442,0.68,123,288,78,180,236,28,20,6
2012,"Vermont","VT",213,13,433,0.65,115,317,44,180,221,2,1,124
2013,"Vermont","VT",213,512,319,0.51,102,179,310,206,181,2,1,104
1997,"Virginia","VA",342,89,484,6.73,1,315,134,29,19,74,28,1
1998,"Virginia","VA",340,273,498,3.95,1,340,139,26,244,33,2,1
1999,"Virginia","VA",341,280,379,2.05,1,220,72,202,120,63,1,1
2000,"Virginia","VA",345,287,424,2.39,1,287,71,175,198,42,1,1
2001,"Virginia","VA",346,373,358,1.18,1,202,47,196,187,12,1,1
2002,"Virginia","VA",346,429,399,1.09,1,254,56,184,210,5,1,1
2003,"Virginia","VA",347,428,340,0.8,1,196,353,173,159,63,2,1
2004,"Virginia","VA",351,491,407,0.89,1,296,35,196,150,97,1,1
2005,"Virginia","VA",354,504,386,0.76,1,275,38,141,145,74,2,1
2006,"Virginia","VA",361,556,389,0.65,1,276,356,161,164,89,1,1
2007,"Virginia","VA",362,558,357,0.55,1,226,353,173,161,2,2,1
2008,"Virginia","VA",364,581,343,0.45,1,217,339,120,139,42,1,1
2009,"Virginia","VA",366,27,350,0.43,1,230,313,120,135,89,1,1
2010,"Virginia","VA",355,23,299,0.34,59,183,285,144,135,54,1,75
2011,"Virginia","VA",355,600,249,0.28,53,124,244,138,120,63,1,63
2012,"Virginia","VA",355,NA,NA,NA,NA,NA,NA,NA,NA,NA,NA,NA
2013,"Virginia","VA",356,NA,NA,NA,NA,NA,NA,NA,NA,NA,NA,NA
1997,"Washington","WA",300,327,315,1.02,1,188,213,206,221,1,1,1
1998,"Washington","WA",304,321,337,1.22,1,210,332,82,181,1,1,1
1999,"Washington","WA",305,319,250,0.9,1,120,170,155,153,2,1,1
2000,"Washington","WA",310,325,337,1.11,1,138,213,247,206,2,2,1
2001,"Washington","WA",311,323,293,0.92,1,138,213,123,181,2,1,1
2002,"Washington","WA",311,462,345,0.64,1,179,78,2,206,1,1,1
2003,"Washington","WA",312,420,286,0.56,1,95,53,82,123,2,1,1
2004,"Washington","WA",318,380,286,0.66,1,188,332,82,1,1,1,1
2005,"Washington","WA",319,381,309,0.75,1,188,283,2,206,28,1,1
2006,"Washington","WA",323,382,281,0.62,1,120,254,155,153,2,1,1
2007,"Washington","WA",328,NA,NA,NA,1,NA,NA,NA,NA,NA,NA,1
2008,"Washington","WA",335,72,311,0.3,1,204,310,82,153,1,1,1
2009,"Washington","WA",339,181,349,0.28,1,188,346,247,153,2,1,1
2010,"Washington","WA",333,221,345,0.23,89,215,332,180,123,1,1,93
2011,"Washington","WA",333,197,237,0.15,69,120,213,123,80,1,1,73
2012,"Washington","WA",333,210,150,0.1,78,435,254,2,153,1,1,84
2013,"Washington","WA",333,NA,NA,NA,NA,NA,NA,NA,NA,NA,NA,NA
1997,"West Virginia","WV",41,45,243,2.26,1,127,269,99,55,42,1,1
1998,"West Virginia","WV",36,16,228,2.26,1,112,276,70,33,2,1,1
1999,"West Virginia","WV",33,577,138,1.74,1,79,197,42,206,2,1,1
2000,"West Virginia","WV",35,48,145,1.47,1,82,201,34,247,1,2,1
2001,"West Virginia","WV",34,74,119,1.21,1,454,188,55,247,2,1,1
2002,"West Virginia","WV",34,117,121,1.09,1,470,162,42,247,2,1,1
2003,"West Virginia","WV",35,146,135,1.09,1,461,154,91,71,2,2,1
2004,"West Virginia","WV",37,154,130,1.05,1,68,197,51,206,2,1,1
2005,"West Virginia","WV",39,136,98,0.83,1,443,107,23,181,2,1,1
2006,"West Virginia","WV",40,109,94,0.86,1,408,140,247,33,1,1,1
2007,"West Virginia","WV",42,75,87,0.83,1,390,100,247,15,42,1,1
2008,"West Virginia","WV",44,108,85,0.76,1,402,100,221,236,1,1,1
2009,"West Virginia","WV",43,84,86,0.8,1,415,60,34,181,2,1,1
2010,"West Virginia","WV",38,20,465,0.71,107,336,78,237,236,1,1,115
2011,"West Virginia","WV",38,47,439,0.58,94,310,94,180,206,1,1,106
2012,"West Virginia","WV",38,42,422,0.53,90,258,67,237,206,2,1,95
2013,"West Virginia","WV",38,52,349,0.37,79,225,44,123,80,1,1,91
1997,"Wisconsin","WI",244,496,445,10.24,1,242,30,234,218,79,11,1
1998,"Wisconsin","WI",243,503,368,7.66,1,178,18,189,175,59,39,1
1999,"Wisconsin","WI",242,517,332,6.46,1,168,6,163,152,51,31,1
2000,"Wisconsin","WI",251,514,278,5.56,1,161,334,152,140,38,5,1
2001,"Wisconsin","WI",252,536,273,4.62,1,157,337,139,122,46,33,1
2002,"Wisconsin","WI",252,549,265,4.12,1,150,314,122,112,45,31,1
2003,"Wisconsin","WI",253,548,195,3.48,1,52,300,102,95,29,20,1
2004,"Wisconsin","WI",256,557,185,3,1,46,274,79,72,24,20,1
2005,"Wisconsin","WI",259,553,172,2.7,1,31,246,78,61,22,31,1
2006,"Wisconsin","WI",262,551,58,1.95,1,469,189,54,37,9,31,1
2007,"Wisconsin","WI",266,586,55,1.71,1,466,200,39,44,9,2,1
2008,"Wisconsin","WI",269,594,38,1.38,1,438,164,40,23,29,1,1
2009,"Wisconsin","WI",272,24,23,1.16,17,418,150,255,17,97,20,24
2010,"Wisconsin","WI",267,592,507,1.03,110,372,124,251,18,5,20,119
2011,"Wisconsin","WI",267,567,487,1,99,354,104,251,250,97,2,111
2012,"Wisconsin","WI",267,599,492,0.92,95,342,110,21,255,12,37,102
2013,"Wisconsin","WI",267,588,460,0.81,83,325,66,230,242,9,20,96
1997,"U.S. Totals","US",86,3,104,7.61,1,403,163,43,27,4,21,1
1998,"U.S. Totals","US",84,4,95,6.5,1,400,147,24,248,3,16,1
1999,"U.S. Totals","US",83,5,497,5.03,1,365,120,248,223,95,8,1
2000,"U.S. Totals","US",85,237,486,3.96,1,353,101,238,222,92,13,1
2001,"U.S. Totals","US",87,238,461,3.03,1,327,84,222,207,91,9,1
2002,"U.S. Totals","US",88,240,437,2.56,1,313,69,182,182,78,6,1
2003,"U.S. Totals","US",89,318,453,2.27,1,320,68,181,183,76,42,1
2004,"U.S. Totals","US",90,320,402,1.76,1,269,45,157,155,69,4,1
2005,"U.S. Totals","US",98,324,391,1.53,1,259,34,158,156,65,3,1
2006,"U.S. Totals","US",100,377,377,1.2,1,252,33,156,154,61,43,1
2007,"U.S. Totals","US",116,329,312,0.94,1,194,312,124,124,56,38,1
2008,"U.S. Totals","US",117,378,287,0.72,1,133,284,86,83,49,40,1
2009,"U.S. Totals","US",118,379,240,0.61,1,111,257,85,82,47,36,1
2010,"U.S. Totals","US",99,376,231,0.6,49,101,256,83,81,43,34,58
2011,"U.S. Totals","US",99,326,202,0.56,34,86,216,15,13,39,27,56
2012,"U.S. Totals","US",99,239,123,0.62,24,458,176,9,10,26,32,30
2013,"U.S. Totals","US",99,233,91,0.56,109,383,114,253,3,19,25,116
